{"cameraMode":{"drawMode":0,"name":"Shaded","section":"Shading Mode"},"sceneLighting":true,"audioPlay":false,"sceneViewState":{"m_AlwaysRefresh":false,"showFog":true,"showSkybox":true,"showFlares":true,"showImageEffects":true,"showParticleSystems":true,"showVisualEffectGraphs":true,"m_FxEnabled":true},"in2DMode":false,"pivot":{"x":-12.94085693359375,"y":-19.096454620361329,"z":31.124893188476564},"rotation":{"x":-0.24255143105983735,"y":0.20534871518611909,"z":-0.05261082947254181,"w":-0.9467105865478516},"size":22.006940841674806,"orthographic":false}