{"cameraMode":{"drawMode":0,"name":"Shaded","section":"Shading Mode"},"sceneLighting":true,"audioPlay":false,"sceneViewState":{"m_AlwaysRefresh":false,"showFog":true,"showSkybox":true,"showFlares":true,"showImageEffects":true,"showParticleSystems":true,"showVisualEffectGraphs":true,"m_FxEnabled":true},"in2DMode":false,"pivot":{"x":-78.33885192871094,"y":12.944343566894532,"z":58.65061569213867},"rotation":{"x":0.1629926860332489,"y":0.03237702324986458,"z":-0.0053265695460140709,"w":0.9860954284667969},"size":1.7435541152954102,"orthographic":false}