{"cameraMode":{"drawMode":0,"name":"Shaded","section":"Shading Mode"},"sceneLighting":true,"audioPlay":false,"sceneViewState":{"m_AlwaysRefresh":false,"showFog":true,"showSkybox":true,"showFlares":true,"showImageEffects":true,"showParticleSystems":true,"showVisualEffectGraphs":true,"m_FxEnabled":true},"in2DMode":false,"pivot":{"x":302.2266845703125,"y":175.77017211914063,"z":208.73464965820313},"rotation":{"x":-0.0617707185447216,"y":0.0005973030347377062,"z":-0.000026986019292962737,"w":-0.9980981349945068},"size":456.21038818359377,"orthographic":false}