{"cameraMode":{"drawMode":0,"name":"Shaded","section":"Shading Mode"},"sceneLighting":true,"audioPlay":false,"sceneViewState":{"m_AlwaysRefresh":false,"showFog":true,"showSkybox":true,"showFlares":true,"showImageEffects":true,"showParticleSystems":true,"showVisualEffectGraphs":true,"m_FxEnabled":true},"in2DMode":false,"pivot":{"x":1.0999178886413575,"y":0.2714543342590332,"z":-5.336051940917969},"rotation":{"x":0.03650091961026192,"y":-0.9571670889854431,"z":0.2513630986213684,"w":0.13908235728740693},"size":1.8444645404815674,"orthographic":false}