{"cameraMode":{"drawMode":0,"name":"Shaded","section":"Shading Mode"},"sceneLighting":true,"audioPlay":false,"sceneViewState":{"m_AlwaysRefresh":false,"showFog":true,"showSkybox":true,"showFlares":true,"showImageEffects":true,"showParticleSystems":true,"showVisualEffectGraphs":true,"m_FxEnabled":true},"in2DMode":false,"pivot":{"x":1.4290876388549805,"y":-0.29009008407592776,"z":-3.8030662536621095},"rotation":{"x":-0.07225270569324494,"y":0.9268575310707092,"z":-0.28093940019607546,"w":-0.23834006488323213},"size":4.200016975402832,"orthographic":false}