{"cameraMode":{"drawMode":0,"name":"Shaded","section":"Shading Mode"},"sceneLighting":true,"audioPlay":false,"sceneViewState":{"m_AlwaysRefresh":false,"showFog":true,"showSkybox":true,"showFlares":true,"showImageEffects":true,"showParticleSystems":true,"showVisualEffectGraphs":true,"m_FxEnabled":true},"in2DMode":false,"pivot":{"x":337.82818603515627,"y":179.89926147460938,"z":-44.40455627441406},"rotation":{"x":0.2664240598678589,"y":-0.06517257541418076,"z":0.018078777939081193,"w":0.9615097045898438},"size":212.8441925048828,"orthographic":false}