{"cameraMode":{"drawMode":0,"name":"Shaded","section":"Shading Mode"},"sceneLighting":true,"audioPlay":false,"sceneViewState":{"m_AlwaysRefresh":false,"showFog":true,"showSkybox":true,"showFlares":true,"showImageEffects":true,"showParticleSystems":true,"showVisualEffectGraphs":true,"m_FxEnabled":true},"in2DMode":false,"pivot":{"x":-34.33360290527344,"y":1.1573989391326905,"z":-44.38902282714844},"rotation":{"x":0.04302099347114563,"y":-0.8935157060623169,"z":0.08767005801200867,"w":0.43836507201194765},"size":6.8613152503967289,"orthographic":false}