{"cameraMode":{"drawMode":0,"name":"Shaded","section":"Shading Mode"},"sceneLighting":true,"audioPlay":false,"sceneViewState":{"m_AlwaysRefresh":false,"showFog":true,"showSkybox":true,"showFlares":true,"showImageEffects":true,"showParticleSystems":true,"showVisualEffectGraphs":true,"m_FxEnabled":true},"in2DMode":false,"pivot":{"x":0.8417540788650513,"y":-0.7587413787841797,"z":-5.704463005065918},"rotation":{"x":0.23608587682247163,"y":-0.43268224596977236,"z":0.11847708374261856,"w":0.862024188041687},"size":2.0888307094573976,"orthographic":false}