{"cameraMode":{"drawMode":0,"name":"Shaded","section":"Shading Mode"},"sceneLighting":true,"audioPlay":false,"sceneViewState":{"m_AlwaysRefresh":false,"showFog":true,"showSkybox":true,"showFlares":true,"showImageEffects":true,"showParticleSystems":true,"showVisualEffectGraphs":true,"m_FxEnabled":true},"in2DMode":false,"pivot":{"x":3.0977749824523927,"y":2.64249324798584,"z":-1.3869264125823975},"rotation":{"x":0.1523633450269699,"y":-0.47043532133102419,"z":0.08284224569797516,"w":0.8652248978614807},"size":1.4612332582473755,"orthographic":false}