{"cameraMode":{"drawMode":0,"name":"Shaded","section":"Shading Mode"},"sceneLighting":true,"audioPlay":false,"sceneViewState":{"m_AlwaysRefresh":false,"showFog":true,"showSkybox":true,"showFlares":true,"showImageEffects":true,"showParticleSystems":true,"showVisualEffectGraphs":true,"m_FxEnabled":true},"in2DMode":false,"pivot":{"x":26.538061141967775,"y":-5.097175121307373,"z":21.650514602661134},"rotation":{"x":0.2479807734489441,"y":0.18300707638263703,"z":-0.04785429313778877,"w":0.9501628875732422},"size":10.428442001342774,"orthographic":false}